{"$schema":"http://schema.management.azure.com/schemas/2015-01-01/deploymentTemplate.json#","contentVersion":"1.0.0.0","parameters":{"factoryName":{"type":"string","metadata":"Data Factory name"},"AzureSqlDatabase1":{"type":"string"},"AzureDataLakeStorage1":{"type":"string"}},"variables":{"factoryId":"[concat('Microsoft.DataFactory/factories/', parameters('factoryName'))]"},"resources":[{"name":"[concat(parameters('factoryName'), '/pipeline1')]","type":"Microsoft.DataFactory/factories/pipelines","apiVersion":"2018-06-01","properties":{"activities":[{"name":"copy sql table data into adls g2","type":"Copy","dependsOn":[],"policy":{"timeout":"0.12:00:00","retry":0,"retryIntervalInSeconds":30,"secureOutput":false,"secureInput":false},"userProperties":[],"typeProperties":{"source":{"type":"AzureSqlSource","queryTimeout":"02:00:00","partitionOption":"None"},"sink":{"type":"DelimitedTextSink","storeSettings":{"type":"AzureBlobFSWriteSettings"},"formatSettings":{"type":"DelimitedTextWriteSettings","quoteAllText":true,"fileExtension":".txt"}},"enableStaging":false,"translator":{"type":"TabularTranslator","typeConversion":true,"typeConversionSettings":{"allowDataTruncation":true,"treatBooleanAsNumber":false}}},"inputs":[{"referenceName":"AzureSqlTable1","type":"DatasetReference","parameters":{"dp_table_name":{"value":"@pipeline().parameters.p_table_name","type":"Expression"},"dp_schema_name":{"value":"@pipeline().parameters.p_schema_name","type":"Expression"}}}],"outputs":[{"referenceName":"DelimitedText1","type":"DatasetReference","parameters":{"dataFactoryname":{"value":"@pipeline().DataFactory","type":"Expression"},"file_name":{"value":"@concat(pipeline().parameters.p_schema_name, '_', pipeline().parameters.p_table_name, '.csv')","type":"Expression"}}}]}],"policy":{"elapsedTimeMetric":{},"cancelAfter":{}},"parameters":{"p_table_name":{"type":"string"},"p_schema_name":{"type":"string"}},"annotations":[]},"dependsOn":["[concat(variables('factoryId'), '/datasets/AzureSqlTable1')]","[concat(variables('factoryId'), '/datasets/DelimitedText1')]"]},{"name":"[concat(parameters('factoryName'), '/AzureSqlTable1')]","type":"Microsoft.DataFactory/factories/datasets","apiVersion":"2018-06-01","properties":{"linkedServiceName":{"referenceName":"[parameters('AzureSqlDatabase1')]","type":"LinkedServiceReference"},"parameters":{"dp_table_name":{"type":"String"},"dp_schema_name":{"type":"String"}},"annotations":[],"type":"AzureSqlTable","schema":[],"typeProperties":{"schema":{"value":"@dataset().dp_schema_name","type":"Expression"},"table":{"value":"@dataset().dp_table_name","type":"Expression"}}},"dependsOn":[]},{"name":"[concat(parameters('factoryName'), '/DelimitedText1')]","type":"Microsoft.DataFactory/factories/datasets","apiVersion":"2018-06-01","properties":{"linkedServiceName":{"referenceName":"[parameters('AzureDataLakeStorage1')]","type":"LinkedServiceReference"},"parameters":{"dataFactoryname":{"type":"String"},"file_name":{"type":"String"}},"annotations":[],"type":"DelimitedText","typeProperties":{"location":{"type":"AzureBlobFSLocation","fileName":{"value":"@dataset().file_name","type":"Expression"},"folderPath":{"value":"@dataset().dataFactoryname","type":"Expression"},"fileSystem":"dest"},"columnDelimiter":",","escapeChar":"\\","firstRowAsHeader":true,"quoteChar":"\""},"schema":[]},"dependsOn":[]}]}